Mutation,LgBiT, T145S, T145E, N157D
CyanToYellow 1,8.015516319, 9.116666667, 10.70191781, 6.064034152
CyanToYellow 2,8.789197299, 9.770422535, 9.517801374, 6.99901088
CyanToYellow 3, NA, 7.90070922, 9.127294026, 4.825878594